time,PDR,throughput,average_delay,packet_loss,route_changes,link_breaks,active_flows,connected_components,network_density,average_node_degree
0,0,0,0.0,1,0,0,10,1.0,0.0684211,1.3
1,0,0,0.0,1,0,0,10,1.0,0.0684211,1.3
2,0.000170667,0.109227,0.0,0.999829,0,0,10,1.0,0.0684211,1.3
3,0.00123733,0.791893,0.0,0.998763,0,0,10,1.0,0.0736842,1.4
4,0.00448,2.8672,0.0,0.99552,0,0,10,1.0,0.0736842,1.4
5,0.007936,5.07904,0.0,0.992064,0,0,10,1.0,0.0789474,1.5
6,0.0113493,7.26357,0.0,0.988651,0,0,10,1.0,0.0894737,1.7
7,0.0146347,9.36619,0.0,0.985365,0,0,10,1.0,0.0894737,1.7
8,0.0178773,11.4415,0.0,0.982123,0,0,10,1.0,0.0947368,1.8
9,0.0211627,13.5441,0.0,0.978837,0,0,10,1.0,0.1,1.9
10,0.024576,15.7286,0.0,0.975424,0,0,10,1.0,0.105263,2
11,0.0279893,17.9132,0.0,0.972011,0,0,10,1.0,0.105263,2
12,0.030976,19.8246,0.0,0.969024,0,0,10,1.0,0.110526,2.1
13,0.0342187,21.8999,0.0,0.965781,0,0,10,1.0,0.115789,2.2
14,0.0374613,23.9753,0.0,0.962539,0,0,10,1.0,0.115789,2.2
15,0.0408747,26.1598,0.0,0.959125,0,0,10,1.0,0.131579,2.5
16,0.044288,28.3443,0.0,0.955712,0,0,10,1.0,0.131579,2.5
17,0.0476587,30.5015,0.0,0.952341,0,0,10,1.0,0.136842,2.6
18,0.0509013,32.5769,0.0,0.949099,0,0,10,1.0,0.147368,2.8
19,0.054144,34.6522,0.0,0.945856,0,0,10,1.0,0.152632,2.9
20,0.0575147,36.8094,0.0,0.942485,0,0,10,1.0,0.152632,2.9
21,0.0605867,38.7755,0.0,0.939413,0,0,10,1.0,0.157895,3
22,0.064128,41.0419,0.0,0.935872,0,0,10,1.0,0.157895,3
23,0.0674133,43.1445,0.0,0.932587,0,0,10,1.0,0.157895,3
24,0.070656,45.2198,0.0,0.929344,0,0,10,1.0,0.163158,3.1
25,0.0739413,47.3225,0.0,0.926059,0,0,10,1.0,0.178947,3.4
26,0.0773547,49.507,0.0,0.922645,0,0,10,1.0,0.178947,3.4
27,0.080768,51.6915,0.0,0.919232,0,0,10,1.0,0.194737,3.7
28,0.084096,53.8214,0.0,0.915904,0,0,10,1.0,0.194737,3.7
29,0.0873387,55.8967,0.0,0.912661,0,0,10,1.0,0.2,3.8
30,0.0905813,57.9721,0.0,0.909419,0,0,10,1.0,0.194737,3.7
31,0.0939947,60.1566,0.0,0.906005,0,0,10,1.0,0.205263,3.9
32,0.097408,62.3411,0.0,0.902592,0,0,10,1.0,0.210526,4
33,0.100779,64.4983,0.0,0.899221,0,0,10,1.0,0.221053,4.2
34,0.104021,66.5737,0.0,0.895979,0,0,10,1.0,0.215789,4.1
35,0.107264,68.649,0.0,0.892736,0,0,10,1.0,0.215789,4.1
36,0.110635,70.8062,0.0,0.889365,0,0,10,1.0,0.226316,4.3
37,0.114048,72.9907,0.0,0.885952,0,0,10,1.0,0.231579,4.4
38,0.117461,75.1753,0.0,0.882539,0,0,10,1.0,0.236842,4.5
39,0.120747,77.2779,0.0,0.879253,0,0,10,1.0,0.236842,4.5
40,0.123989,79.3532,0.0,0.876011,0,0,10,1.0,0.242105,4.6
41,0.127275,81.4558,0.0,0.872725,0,0,10,1.0,0.257895,4.9
42,0.130688,83.6403,0.0,0.869312,0,0,10,1.0,0.252632,4.8
43,0.134101,85.8249,0.0,0.865899,0,0,10,1.0,0.263158,5
44,0.137429,87.9548,0.0,0.862571,0,0,10,1.0,0.273684,5.2
45,0.140672,90.0301,0.0,0.859328,0,0,10,1.0,0.284211,5.4
46,0.143915,92.1054,0.0,0.856085,0,0,10,1.0,0.268421,5.1
47,0.147328,94.2899,0.0,0.852672,0,0,10,1.0,0.257895,4.9
48,0.150741,96.4745,0.0,0.849259,0,0,10,1.0,0.247368,4.7
49,0.154112,98.6317,0.0,0.845888,0,0,10,1.0,0.231579,4.4
50,0.157355,100.707,0.0,0.842645,0,0,10,1.0,0.236842,4.5
51,0.160597,102.782,0.0,0.839403,0,0,10,1.0,0.242105,4.6
52,0.163968,104.94,0.0,0.836032,0,0,10,1.0,0.242105,4.6
53,0.167381,107.124,0.0,0.832619,0,0,10,1.0,0.236842,4.5
54,0.170795,109.309,0.0,0.829205,0,0,10,1.0,0.231579,4.4
55,0.17408,111.411,0.0,0.82592,0,0,10,1.0,0.226316,4.3
56,0.177323,113.487,0.0,0.822677,0,0,10,1.0,0.2,3.8
57,0.180608,115.589,0.0,0.819392,0,0,10,1.0,0.210526,4
58,0.184021,117.774,0.0,0.815979,0,0,10,1.0,0.210526,4
59,0.187264,119.849,0.0,0.812736,0,0,10,1.0,0.194737,3.7
60,0.190421,121.87,0.0,0.809579,0,0,10,1.0,0.194737,3.7
61,0.193664,123.945,0.0,0.806336,0,0,10,1.0,0.189474,3.6
62,0.196907,126.02,0.0,0.803093,0,0,10,1.0,0.184211,3.5
63,0.20032,128.205,0.0,0.79968,0,0,10,1.0,0.173684,3.3
64,0.203733,130.389,0.0,0.796267,0,0,10,1.0,0.163158,3.1
65,0.207104,132.547,0.0,0.792896,0,0,10,1.0,0.152632,2.9
66,0.210347,134.622,0.0,0.789653,0,0,10,1.0,0.147368,2.8
67,0.213547,136.67,0.0,0.786453,0,0,10,1.0,0.136842,2.6
68,0.216832,138.772,0.0,0.783168,0,0,10,1.0,0.121053,2.3
69,0.219989,140.793,0.0,0.780011,0,0,10,1.0,0.126316,2.4
70,0.223659,143.142,0.0,0.776341,0,0,10,1.0,0.131579,2.5
71,0.226944,145.244,0.0,0.773056,0,0,10,1.0,0.131579,2.5
72,0.230187,147.319,0.0,0.769813,0,0,10,1.0,0.121053,2.3
73,0.233472,149.422,0.0,0.766528,0,0,10,1.0,0.115789,2.2
74,0.2368,151.552,0.0,0.7632,0,0,10,1.0,0.110526,2.1
75,0.24,153.6,0.0,0.76,0,0,10,1.0,0.1,1.9
76,0.243499,155.839,0.0,0.756501,0,0,10,1.0,0.1,1.9
77,0.246741,157.914,0.0,0.753259,0,0,10,1.0,0.1,1.9
78,0.249984,159.99,0.0,0.750016,0,0,10,1.0,0.105263,2
79,0.253397,162.174,0.0,0.746603,0,0,10,1.0,0.121053,2.3
80,0.256768,164.332,0.0,0.743232,0,0,10,1.0,0.121053,2.3
81,0.260181,166.516,0.0,0.739819,0,0,10,1.0,0.126316,2.4
82,0.263424,168.591,0.0,0.736576,0,0,10,1.0,0.126316,2.4
83,0.266667,170.667,0.0,0.733333,0,0,10,1.0,0.126316,2.4
84,0.270037,172.824,0.0,0.729963,0,0,10,1.0,0.121053,2.3
85,0.273451,175.008,0.0,0.726549,0,0,10,1.0,0.131579,2.5
86,0.276864,177.193,0.0,0.723136,0,0,10,1.0,0.131579,2.5
87,0.280149,179.296,0.0,0.719851,0,0,10,1.0,0.121053,2.3
88,0.283392,181.371,0.0,0.716608,0,0,10,1.0,0.121053,2.3
89,0.286677,183.473,0.0,0.713323,0,0,10,1.0,0.126316,2.4
90,0.289451,185.248,0.0,0.710549,0,0,10,1.0,0.131579,2.5
91,0.292565,187.242,0.0,0.707435,0,0,10,1.0,0.131579,2.5
92,0.296064,189.481,0.0,0.703936,0,0,10,1.0,0.131579,2.5
93,0.299307,191.556,0.0,0.700693,0,0,10,1.0,0.115789,2.2
94,0.302549,193.632,0.0,0.697451,0,0,10,1.0,0.115789,2.2
95,0.305963,195.816,0.0,0.694037,0,0,10,1.0,0.1,1.9
96,0.309376,198.001,0.0,0.690624,0,0,10,1.0,0.1,1.9
97,0.312747,200.158,0.0,0.687253,0,0,10,1.0,0.0947368,1.8
98,0.315861,202.151,0.0,0.684139,0,0,10,1.0,0.0894737,1.7
99,0.318763,204.008,0.0,0.681237,0,0,10,1.0,0.0842105,1.6
100,0.321792,205.947,0.0,0.678208,0,0,10,1.0,0.0947368,1.8
101,0.324864,207.913,0.0,0.675136,0,0,10,1.0,0.1,1.9
102,0.327936,209.879,0.0,0.672064,0,0,10,1.0,0.0947368,1.8
103,0.33088,211.763,0.0,0.66912,0,0,10,1.0,0.1,1.9
104,0.333781,213.62,0.0,0.666219,0,0,10,1.0,0.0947368,1.8
105,0.336725,215.504,0.0,0.663275,0,0,10,1.0,0.0947368,1.8
106,0.339797,217.47,0.0,0.660203,0,0,10,1.0,0.1,1.9
107,0.342869,219.436,0.0,0.657131,0,0,10,1.0,0.110526,2.1
108,0.345899,221.375,0.0,0.654101,0,0,10,1.0,0.115789,2.2
109,0.3488,223.232,0.0,0.6512,0,0,10,1.0,0.121053,2.3
110,0.351701,225.089,0.0,0.648299,0,0,10,1.0,0.121053,2.3
111,0.354773,227.055,0.0,0.645227,0,0,10,1.0,0.126316,2.4
112,0.357845,229.021,0.0,0.642155,0,0,10,1.0,0.131579,2.5
113,0.360917,230.987,0.0,0.639083,0,0,10,1.0,0.142105,2.7
114,0.363819,232.844,0.0,0.636181,0,0,10,1.0,0.142105,2.7
115,0.36672,234.701,0.0,0.63328,0,0,10,1.0,0.152632,2.9
116,0.369749,236.64,0.0,0.630251,0,0,10,1.0,0.152632,2.9
117,0.372821,238.606,0.0,0.627179,0,0,10,1.0,0.157895,3
118,0.375893,240.572,0.0,0.624107,0,0,10,1.0,0.163158,3.1
119,0.37888,242.483,0.0,0.62112,0,0,10,1.0,0.173684,3.3
120,0.381739,244.313,0.0,0.618261,0,0,10,1.0,0.178947,3.4
121,0.384725,246.224,0.0,0.615275,0,0,10,1.0,0.184211,3.5
122,0.387797,248.19,0.0,0.612203,0,0,10,1.0,0.189474,3.6
123,0.390869,250.156,0.0,0.609131,0,0,10,1.0,0.178947,3.4
124,0.393899,252.095,0.0,0.606101,0,0,10,1.0,0.178947,3.4
125,0.396715,253.897,0.0,0.603285,0,0,10,1.0,0.178947,3.4
126,0.399659,255.782,0.0,0.600341,0,0,10,1.0,0.173684,3.3
127,0.402731,257.748,0.0,0.597269,0,0,10,1.0,0.168421,3.2
128,0.40576,259.686,0.0,0.59424,0,0,10,1.0,0.173684,3.3
129,0.408789,261.625,0.0,0.591211,0,0,10,1.0,0.163158,3.1
130,0.411691,263.482,0.0,0.588309,0,0,10,1.0,0.168421,3.2
131,0.414592,265.339,0.0,0.585408,0,0,10,1.0,0.168421,3.2
132,0.417792,267.387,0.0,0.582208,0,0,10,1.0,0.173684,3.3
133,0.421205,269.571,0.0,0.578795,0,0,10,1.0,0.173684,3.3
134,0.424619,271.756,0.0,0.575381,0,0,10,1.0,0.163158,3.1
135,0.427648,273.695,0.0,0.572352,0,0,10,1.0,0.157895,3
136,0.431061,275.879,0.0,0.568939,0,0,10,1.0,0.142105,2.7
137,0.434048,277.791,0.0,0.565952,0,0,10,1.0,0.142105,2.7
138,0.437376,279.921,0.0,0.562624,0,0,10,1.0,0.126316,2.4
139,0.440789,282.105,0.0,0.559211,0,0,10,1.0,0.126316,2.4
140,0.444117,284.235,0.0,0.555883,0,0,10,1.0,0.121053,2.3
141,0.44736,286.31,0.0,0.55264,0,0,10,1.0,0.110526,2.1
142,0.450603,288.386,0.0,0.549397,0,0,10,1.0,0.105263,2
143,0.454016,290.57,0.0,0.545984,0,0,10,1.0,0.0947368,1.8
144,0.457429,292.755,0.0,0.542571,0,0,10,1.0,0.0947368,1.8
145,0.4608,294.912,0.0,0.5392,0,0,10,1.0,0.0947368,1.8
146,0.464043,296.987,0.0,0.535957,0,0,10,1.0,0.0842105,1.6
147,0.467285,299.063,0.0,0.532715,0,0,10,1.0,0.0842105,1.6
148,0.470656,301.22,0.0,0.529344,0,0,10,1.0,0.1,1.9
149,0.473984,303.35,0.0,0.526016,0,0,10,1.0,0.121053,2.3
150,0.477355,305.507,0.0,0.522645,0,0,10,1.0,0.126316,2.4
151,0.480427,307.473,0.0,0.519573,0,0,10,1.0,0.126316,2.4
152,0.48384,309.658,0.0,0.51616,0,0,10,1.0,0.126316,2.4
153,0.487125,311.76,0.0,0.512875,0,0,10,1.0,0.126316,2.4
154,0.490539,313.945,0.0,0.509461,0,0,10,1.0,0.121053,2.3
155,0.493952,316.129,0.0,0.506048,0,0,10,1.0,0.115789,2.2
156,0.49728,318.259,0.0,0.50272,0,0,10,1.0,0.121053,2.3
157,0.500523,320.335,0.0,0.499477,0,0,10,1.0,0.126316,2.4
158,0.503765,322.41,0.0,0.496235,0,0,10,1.0,0.126316,2.4
159,0.507179,324.594,0.0,0.492821,0,0,10,1.0,0.121053,2.3
160,0.510592,326.779,0.0,0.489408,0,0,10,1.0,0.121053,2.3
161,0.513963,328.936,0.0,0.486037,0,0,10,1.0,0.131579,2.5
162,0.517205,331.011,0.0,0.482795,0,0,10,1.0,0.131579,2.5
163,0.520448,333.087,0.0,0.479552,0,0,10,1.0,0.136842,2.6
164,0.523819,335.244,0.0,0.476181,0,0,10,1.0,0.126316,2.4
165,0.526976,337.265,0.0,0.473024,0,0,10,1.0,0.126316,2.4
166,0.530517,339.531,0.0,0.469483,0,0,10,1.0,0.136842,2.6
167,0.533803,341.634,0.0,0.466197,0,0,10,1.0,0.131579,2.5
168,0.537045,343.709,0.0,0.462955,0,0,10,1.0,0.126316,2.4
169,0.540331,345.812,0.0,0.459669,0,0,10,1.0,0.121053,2.3
170,0.543744,347.996,0.0,0.456256,0,0,10,1.0,0.115789,2.2
171,0.547157,350.181,0.0,0.452843,0,0,10,1.0,0.115789,2.2
172,0.550443,352.283,0.0,0.449557,0,0,10,1.0,0.115789,2.2
173,0.553685,354.359,0.0,0.446315,0,0,10,1.0,0.1,1.9
174,0.556928,356.434,0.0,0.443072,0,0,10,1.0,0.0947368,1.8
175,0.560341,358.618,0.0,0.439659,0,0,10,1.0,0.0894737,1.7
176,0.563755,360.803,0.0,0.436245,0,0,10,1.0,0.0894737,1.7
177,0.567125,362.96,0.0,0.432875,0,0,10,1.0,0.0894737,1.7
178,0.570368,365.036,0.0,0.429632,0,0,10,1.0,0.0894737,1.7
179,0.573483,367.029,0.0,0.426517,0,0,10,1.0,0.0947368,1.8
180,0.576853,369.186,0.0,0.423147,0,0,10,1.0,0.0842105,1.6
181,0.580267,371.371,0.0,0.419733,0,0,10,1.0,0.1,1.9
182,0.58368,373.555,0.0,0.41632,0,0,10,1.0,0.110526,2.1
183,0.586667,375.467,0.0,0.413333,0,0,10,1.0,0.105263,2
184,0.589995,377.597,0.0,0.410005,0,0,10,1.0,0.105263,2
185,0.593365,379.754,0.0,0.406635,0,0,10,1.0,0.1,1.9
186,0.596779,381.938,0.0,0.403221,0,0,10,1.0,0.115789,2.2
187,0.600192,384.123,0.0,0.399808,0,0,10,1.0,0.121053,2.3
188,0.60352,386.253,0.0,0.39648,0,0,10,1.0,0.131579,2.5
189,0.606763,388.328,0.0,0.393237,0,0,10,1.0,0.131579,2.5
190,0.610005,390.403,0.0,0.389995,0,0,10,1.0,0.136842,2.6
191,0.613419,392.588,0.0,0.386581,0,0,10,1.0,0.126316,2.4
192,0.616832,394.772,0.0,0.383168,0,0,10,1.0,0.126316,2.4
193,0.620203,396.93,0.0,0.379797,0,0,10,1.0,0.126316,2.4
194,0.623445,399.005,0.0,0.376555,0,0,10,1.0,0.126316,2.4
195,0.626688,401.08,0.0,0.373312,0,0,10,1.0,0.121053,2.3
196,0.630059,403.238,0.0,0.369941,0,0,10,1.0,0.121053,2.3
197,0.633472,405.422,0.0,0.366528,0,0,10,1.0,0.121053,2.3
198,0.636885,407.607,0.0,0.363115,0,0,10,1.0,0.121053,2.3
199,0.640171,409.709,0.0,0.359829,0,0,10,1.0,0.115789,2.2
200,0.643413,411.785,0.0,0.356587,0,0,10,1.0,0.121053,2.3
201,0.646699,413.887,0.0,0.353301,0,0,10,1.0,0.105263,2
202,0.650112,416.072,0.0,0.349888,0,0,10,1.0,0.131579,2.5
203,0.653525,418.256,0.0,0.346475,0,0,10,1.0,0.126316,2.4
204,0.656853,420.386,0.0,0.343147,0,0,10,1.0,0.121053,2.3
205,0.660096,422.461,0.0,0.339904,0,0,10,1.0,0.121053,2.3
206,0.663339,424.537,0.0,0.336661,0,0,10,1.0,0.126316,2.4
207,0.666752,426.721,0.0,0.333248,0,0,10,1.0,0.136842,2.6
208,0.670165,428.906,0.0,0.329835,0,0,10,1.0,0.142105,2.7
209,0.673536,431.063,0.0,0.326464,0,0,10,1.0,0.136842,2.6
210,0.676779,433.138,0.0,0.323221,0,0,10,1.0,0.152632,2.9
211,0.679979,435.186,0.0,0.320021,0,0,10,1.0,0.157895,3
212,0.683349,437.344,0.0,0.316651,0,0,10,1.0,0.157895,3
213,0.686763,439.528,0.0,0.313237,0,0,10,1.0,0.152632,2.9
214,0.690176,441.713,0.0,0.309824,0,0,10,1.0,0.147368,2.8
215,0.693461,443.815,0.0,0.306539,0,0,10,1.0,0.157895,3
216,0.696704,445.891,0.0,0.303296,0,0,10,1.0,0.157895,3
217,0.699947,447.966,0.0,0.300053,0,0,10,1.0,0.168421,3.2
218,0.70336,450.15,0.0,0.29664,0,0,10,1.0,0.168421,3.2
219,0.706773,452.335,0.0,0.293227,0,0,10,1.0,0.168421,3.2
220,0.709973,454.383,0.0,0.290027,0,0,10,1.0,0.173684,3.3
221,0.713216,456.458,0.0,0.286784,0,0,10,1.0,0.173684,3.3
222,0.716459,458.534,0.0,0.283541,0,0,10,1.0,0.173684,3.3
223,0.719872,460.718,0.0,0.280128,0,0,10,1.0,0.178947,3.4
224,0.723285,462.903,0.0,0.276715,0,0,10,1.0,0.184211,3.5
225,0.726656,465.06,0.0,0.273344,0,0,10,1.0,0.194737,3.7
226,0.729899,467.135,0.0,0.270101,0,0,10,1.0,0.189474,3.6
227,0.733141,469.21,0.0,0.266859,0,0,10,1.0,0.205263,3.9
228,0.736512,471.368,0.0,0.263488,0,0,10,1.0,0.210526,4
229,0.739925,473.552,0.0,0.260075,0,0,10,1.0,0.215789,4.1
230,0.743339,475.737,0.0,0.256661,0,0,10,1.0,0.210526,4
231,0.746581,477.812,0.0,0.253419,0,0,10,1.0,0.205263,3.9
232,0.749781,479.86,0.0,0.250219,0,0,10,1.0,0.194737,3.7
233,0.753109,481.99,0.0,0.246891,0,0,10,1.0,0.194737,3.7
234,0.756523,484.175,0.0,0.243477,0,0,10,1.0,0.189474,3.6
235,0.759936,486.359,0.0,0.240064,0,0,10,1.0,0.2,3.8
236,0.763264,488.489,0.0,0.236736,0,0,10,1.0,0.194737,3.7
237,0.766507,490.564,0.0,0.233493,0,0,10,1.0,0.184211,3.5
238,0.769749,492.64,0.0,0.230251,0,0,10,1.0,0.184211,3.5
239,0.773163,494.824,0.0,0.226837,0,0,10,1.0,0.163158,3.1
240,0.776576,497.009,0.0,0.223424,0,0,10,1.0,0.157895,3
241,0.779947,499.166,0.0,0.220053,0,0,10,1.0,0.152632,2.9
242,0.783189,501.241,0.0,0.216811,0,0,10,1.0,0.147368,2.8
243,0.786432,503.316,0.0,0.213568,0,0,10,1.0,0.147368,2.8
244,0.789803,505.474,0.0,0.210197,0,0,10,1.0,0.142105,2.7
245,0.793216,507.658,0.0,0.206784,0,0,10,1.0,0.152632,2.9
246,0.796629,509.843,0.0,0.203371,0,0,10,1.0,0.142105,2.7
247,0.799915,511.945,0.0,0.200085,0,0,10,1.0,0.131579,2.5
248,0.803115,513.993,0.0,0.196885,0,0,10,1.0,0.131579,2.5
249,0.8064,516.096,0.0,0.1936,0,0,10,1.0,0.147368,2.8
250,0.809813,518.281,0.0,0.190187,0,0,10,1.0,0.147368,2.8
251,0.813227,520.465,0.0,0.186773,0,0,10,1.0,0.147368,2.8
252,0.816555,522.595,0.0,0.183445,0,0,10,1.0,0.152632,2.9
253,0.819797,524.67,0.0,0.180203,0,0,10,1.0,0.152632,2.9
254,0.82304,526.746,0.0,0.17696,0,0,10,1.0,0.152632,2.9
255,0.826453,528.93,0.0,0.173547,0,0,10,1.0,0.142105,2.7
256,0.829867,531.115,0.0,0.170133,0,0,10,1.0,0.136842,2.6
257,0.832768,532.972,0.0,0.167232,0,0,10,1.0,0.131579,2.5
258,0.836011,535.047,0.0,0.163989,0,0,10,1.0,0.131579,2.5
259,0.839253,537.122,0.0,0.160747,0,0,10,1.0,0.142105,2.7
260,0.842624,539.279,0.0,0.157376,0,0,10,1.0,0.152632,2.9
261,0.846037,541.464,0.0,0.153963,0,0,10,1.0,0.152632,2.9
262,0.849451,543.648,0.0,0.150549,0,0,10,1.0,0.142105,2.7
263,0.852736,545.751,0.0,0.147264,0,0,10,1.0,0.136842,2.6
264,0.855936,547.799,0.0,0.144064,0,0,10,1.0,0.136842,2.6
265,0.859264,549.929,0.0,0.140736,0,0,10,1.0,0.142105,2.7
266,0.862677,552.113,0.0,0.137323,0,0,10,1.0,0.131579,2.5
267,0.866091,554.298,0.0,0.133909,0,0,10,1.0,0.136842,2.6
268,0.869419,556.428,0.0,0.130581,0,0,10,1.0,0.147368,2.8
269,0.872661,558.503,0.0,0.127339,0,0,10,1.0,0.136842,2.6
270,0.875904,560.579,0.0,0.124096,0,0,10,1.0,0.142105,2.7
271,0.879317,562.763,0.0,0.120683,0,0,10,1.0,0.136842,2.6
272,0.882731,564.948,0.0,0.117269,0,0,10,1.0,0.152632,2.9
273,0.886101,567.105,0.0,0.113899,0,0,10,1.0,0.152632,2.9
274,0.889344,569.18,0.0,0.110656,0,0,10,1.0,0.152632,2.9
275,0.892544,571.228,0.0,0.107456,0,0,10,1.0,0.142105,2.7
276,0.895915,573.385,0.0,0.104085,0,0,10,1.0,0.142105,2.7
277,0.899328,575.57,0.0,0.100672,0,0,10,1.0,0.142105,2.7
278,0.902741,577.754,0.0,0.0972587,0,0,10,1.0,0.142105,2.7
279,0.906027,579.857,0.0,0.0939733,0,0,10,1.0,0.142105,2.7
280,0.909227,581.905,0.0,0.0907733,0,0,10,1.0,0.142105,2.7
281,0.912555,584.035,0.0,0.0874453,0,0,10,1.0,0.152632,2.9
282,0.915968,586.22,0.0,0.084032,0,0,10,1.0,0.147368,2.8
283,0.919381,588.404,0.0,0.0806187,0,0,10,1.0,0.147368,2.8
284,0.922709,590.534,0.0,0.0772907,0,0,10,1.0,0.152632,2.9
285,0.925952,592.609,0.0,0.074048,0,0,10,1.0,0.147368,2.8
286,0.929195,594.685,0.0,0.0708053,0,0,10,1.0,0.131579,2.5
287,0.932608,596.869,0.0,0.067392,0,0,10,1.0,0.131579,2.5
288,0.936021,599.054,0.0,0.0639787,0,0,10,1.0,0.136842,2.6
289,0.939392,601.211,0.0,0.060608,0,0,10,1.0,0.152632,2.9
290,0.942635,603.286,0.0,0.0573653,0,0,10,1.0,0.157895,3
291,0.945877,605.361,0.0,0.0541227,0,0,10,1.0,0.157895,3
292,0.949248,607.519,0.0,0.050752,0,0,10,1.0,0.168421,3.2
293,0.952661,609.703,0.0,0.0473387,0,0,10,1.0,0.178947,3.4
294,0.956075,611.888,0.0,0.0439253,0,0,10,1.0,0.194737,3.7
295,0.95936,613.99,0.0,0.04064,0,0,10,1.0,0.2,3.8
296,0.962603,616.066,0.0,0.0373973,0,0,10,1.0,0.2,3.8
297,0.965888,618.168,0.0,0.034112,0,0,10,1.0,0.2,3.8
298,0.969301,620.353,0.0,0.0306987,0,0,10,1.0,0.205263,3.9
299,0.972715,622.537,0.0,0.0272853,0,0,10,1.0,0.2,3.8
300,0.976043,624.667,0.0,0.0239573,0,0,10,1.0,0.215789,4.1
