time,event_type,source,destination,route,hop_count
10,route_discovery,7,15,"7->15",2
20,route_discovery,18,8,"18->8",1
30,route_discovery,4,16,"4->16",4
40,route_discovery,9,6,"9->6",2
50,route_discovery,12,3,"12->3",4
60,route_discovery,3,15,"3->15",2
70,route_discovery,0,7,"0->7",4
80,route_discovery,9,12,"9->12",2
90,route_discovery,0,18,"0->18",4
100,route_discovery,18,11,"18->11",4
110,route_discovery,17,4,"17->4",1
120,route_discovery,7,8,"7->8",2
130,route_discovery,19,8,"19->8",4
140,route_discovery,1,11,"1->11",1
150,route_discovery,13,16,"13->16",2
160,route_discovery,5,15,"5->15",4
170,route_discovery,14,9,"14->9",2
180,route_discovery,13,5,"13->5",1
190,route_discovery,8,11,"8->11",1
200,route_discovery,16,6,"16->6",4
210,route_discovery,2,18,"2->18",2
220,route_discovery,4,19,"4->19",2
230,route_discovery,17,12,"17->12",1
240,route_discovery,13,19,"13->19",2
250,route_discovery,15,1,"15->1",2
260,route_discovery,14,5,"14->5",1
270,route_discovery,5,14,"5->14",4
280,route_discovery,14,18,"14->18",2
290,route_discovery,17,4,"17->4",2
300,route_discovery,4,17,"4->17",3
